{
  "run_extract.py": 1776712127.8729956,
  "backend\\main.py": 1776701429.2671008,
  "backend\\orchestrator.py": 1776614519.4096875,
  "backend\\agents\\budget_agent.py": 1776614519.4324417,
  "backend\\agents\\cuisine_agent.py": 1776614519.4358501,
  "backend\\agents\\culture_agent.py": 1776614519.4295578,
  "backend\\agents\\language_agent.py": 1776614519.4270644,
  "backend\\agents\\weather_agent.py": 1776705981.9361029,
  "backend\\agents\\__init__.py": 1776614519.4188378,
  "backend\\memory\\redis_memory.py": 1776616501.0515106,
  "backend\\memory\\user_profile.py": 1776616512.1694684,
  "backend\\memory\\__init__.py": 1776614519.4440107,
  "backend\\models\\schemas.py": 1776701237.9233334,
  "backend\\models\\__init__.py": 1776614519.4560966,
  "backend\\tools\\weather_tool.py": 1776705880.6450496,
  "backend\\tools\\__init__.py": 1776614519.4381244,
  "backend\\utils\\helpers.py": 1776614519.4700608,
  "backend\\utils\\__init__.py": 1776614519.4638772,
  "frontend\\src\\App.jsx": 1776614519.481042,
  "frontend\\src\\main.jsx": 1776614519.4769025,
  "frontend\\src\\api\\travelmind.js": 1776614519.4851,
  "frontend\\src\\pages\\Chat.jsx": 1776614519.4936156,
  "frontend\\src\\pages\\Onboarding.jsx": 1776614519.4890947,
  "frontend\\src\\store\\useStore.js": 1776614519.495615,
  "backend\\requirements.txt": 1776704014.5814443
}